{"assets/images/pp_app_start_1.webp":["assets/images/pp_app_start_1.webp"],"assets/images/pp_app_start_2.webp":["assets/images/pp_app_start_2.webp"],"assets/images/pp_app_start_3.webp":["assets/images/pp_app_start_3.webp"],"assets/images/pp_avatar.png":["assets/images/pp_avatar.png"],"assets/images/pp_ban_zfb_logo.png":["assets/images/pp_ban_zfb_logo.png"],"assets/images/pp_bank_bank.png":["assets/images/pp_bank_bank.png"],"assets/images/pp_bank_card_white.png":["assets/images/pp_bank_card_white.png"],"assets/images/pp_bank_weixin.png":["assets/images/pp_bank_weixin.png"],"assets/images/pp_bank_wx_logo.png":["assets/images/pp_bank_wx_logo.png"],"assets/images/pp_bank_wx_white.png":["assets/images/pp_bank_wx_white.png"],"assets/images/pp_bank_zfb.png":["assets/images/pp_bank_zfb.png"],"assets/images/pp_bank_zfb_white.png":["assets/images/pp_bank_zfb_white.png"],"assets/images/pp_bg_sfz_back.png":["assets/images/pp_bg_sfz_back.png"],"assets/images/pp_bg_sfz_front.png":["assets/images/pp_bg_sfz_front.png"],"assets/images/pp_bg_sfz_hand.png":["assets/images/pp_bg_sfz_hand.png"],"assets/images/pp_bg_start.png":["assets/images/pp_bg_start.png"],"assets/images/pp_card_icon_card.png":["assets/images/pp_card_icon_card.png"],"assets/images/pp_card_icon_card_black.png":["assets/images/pp_card_icon_card_black.png"],"assets/images/pp_card_icon_wx.png":["assets/images/pp_card_icon_wx.png"],"assets/images/pp_card_icon_wx_black.png":["assets/images/pp_card_icon_wx_black.png"],"assets/images/pp_card_icon_zfb.png":["assets/images/pp_card_icon_zfb.png"],"assets/images/pp_card_icon_zfb_black.png":["assets/images/pp_card_icon_zfb_black.png"],"assets/images/pp_card_id.png":["assets/images/pp_card_id.png"],"assets/images/pp_close_right.png":["assets/images/pp_close_right.png"],"assets/images/pp_head_img.png":["assets/images/pp_head_img.png"],"assets/images/pp_hint_ask.png":["assets/images/pp_hint_ask.png"],"assets/images/pp_hint_ask_orange.png":["assets/images/pp_hint_ask_orange.png"],"assets/images/pp_home_avatar.png":["assets/images/pp_home_avatar.png"],"assets/images/pp_home_button_1.png":["assets/images/pp_home_button_1.png"],"assets/images/pp_home_button_2.png":["assets/images/pp_home_button_2.png"],"assets/images/pp_home_button_3.png":["assets/images/pp_home_button_3.png"],"assets/images/pp_home_button_4.png":["assets/images/pp_home_button_4.png"],"assets/images/pp_home_button_receive.png":["assets/images/pp_home_button_receive.png"],"assets/images/pp_home_button_send.png":["assets/images/pp_home_button_send.png"],"assets/images/pp_home_button_swap.png":["assets/images/pp_home_button_swap.png"],"assets/images/pp_home_button_topup.png":["assets/images/pp_home_button_topup.png"],"assets/images/pp_home_card_logo.png":["assets/images/pp_home_card_logo.png"],"assets/images/pp_home_copy.png":["assets/images/pp_home_copy.png"],"assets/images/pp_home_copy_grey.png":["assets/images/pp_home_copy_grey.png"],"assets/images/pp_home_icon_hint.png":["assets/images/pp_home_icon_hint.png"],"assets/images/pp_home_icon_notice.png":["assets/images/pp_home_icon_notice.png"],"assets/images/pp_home_icon_red.png":["assets/images/pp_home_icon_red.png"],"assets/images/pp_home_right_button.png":["assets/images/pp_home_right_button.png"],"assets/images/pp_home_right_button2.png":["assets/images/pp_home_right_button2.png"],"assets/images/pp_icon_add_bank.png":["assets/images/pp_icon_add_bank.png"],"assets/images/pp_icon_contact.png":["assets/images/pp_icon_contact.png"],"assets/images/pp_icon_filter.png":["assets/images/pp_icon_filter.png"],"assets/images/pp_icon_gd.png":["assets/images/pp_icon_gd.png"],"assets/images/pp_icon_hand.png":["assets/images/pp_icon_hand.png"],"assets/images/pp_icon_history.png":["assets/images/pp_icon_history.png"],"assets/images/pp_icon_left_back.png":["assets/images/pp_icon_left_back.png"],"assets/images/pp_icon_money_check.png":["assets/images/pp_icon_money_check.png"],"assets/images/pp_icon_order_cancle.png":["assets/images/pp_icon_order_cancle.png"],"assets/images/pp_icon_order_wait1.png":["assets/images/pp_icon_order_wait1.png"],"assets/images/pp_icon_order_wait2.png":["assets/images/pp_icon_order_wait2.png"],"assets/images/pp_icon_pate.png":["assets/images/pp_icon_pate.png"],"assets/images/pp_icon_scan.png":["assets/images/pp_icon_scan.png"],"assets/images/pp_icon_selected.png":["assets/images/pp_icon_selected.png"],"assets/images/pp_icon_selected_un.png":["assets/images/pp_icon_selected_un.png"],"assets/images/pp_icon_time_picker.png":["assets/images/pp_icon_time_picker.png"],"assets/images/pp_icon_type_lock.png":["assets/images/pp_icon_type_lock.png"],"assets/images/pp_left_top_back.png":["assets/images/pp_left_top_back.png"],"assets/images/pp_logo_circle.png":["assets/images/pp_logo_circle.png"],"assets/images/pp_mine_close.png":["assets/images/pp_mine_close.png"],"assets/images/pp_mine_code.png":["assets/images/pp_mine_code.png"],"assets/images/pp_mine_icon_face.png":["assets/images/pp_mine_icon_face.png"],"assets/images/pp_mine_icon_number.png":["assets/images/pp_mine_icon_number.png"],"assets/images/pp_mine_icon_safety.png":["assets/images/pp_mine_icon_safety.png"],"assets/images/pp_mine_list_1.png":["assets/images/pp_mine_list_1.png"],"assets/images/pp_mine_list_2.png":["assets/images/pp_mine_list_2.png"],"assets/images/pp_mine_list_3.png":["assets/images/pp_mine_list_3.png"],"assets/images/pp_mine_list_4.png":["assets/images/pp_mine_list_4.png"],"assets/images/pp_mine_list_5.png":["assets/images/pp_mine_list_5.png"],"assets/images/pp_mine_list_6.png":["assets/images/pp_mine_list_6.png"],"assets/images/pp_mine_list_7.png":["assets/images/pp_mine_list_7.png"],"assets/images/pp_mine_list_8.png":["assets/images/pp_mine_list_8.png"],"assets/images/pp_mine_my_code.png":["assets/images/pp_mine_my_code.png"],"assets/images/pp_mine_right_arrow.png":["assets/images/pp_mine_right_arrow.png"],"assets/images/pp_null_list.png":["assets/images/pp_null_list.png"],"assets/images/pp_order_item_buy.png":["assets/images/pp_order_item_buy.png"],"assets/images/pp_order_item_sell.png":["assets/images/pp_order_item_sell.png"],"assets/images/pp_pay_appeal.png":["assets/images/pp_pay_appeal.png"],"assets/images/pp_pay_ok.png":["assets/images/pp_pay_ok.png"],"assets/images/pp_pwd_lock_hint.png":["assets/images/pp_pwd_lock_hint.png"],"assets/images/pp_pwd_lock_icon_small_hint.png":["assets/images/pp_pwd_lock_icon_small_hint.png"],"assets/images/pp_right_arrow_home.png":["assets/images/pp_right_arrow_home.png"],"assets/images/pp_success_mark.png":["assets/images/pp_success_mark.png"],"assets/images/pp_update_head.png":["assets/images/pp_update_head.png"],"assets/images/pp_upload_img.png":["assets/images/pp_upload_img.png"],"assets/images/pp_video.png":["assets/images/pp_video.png"],"packages/window_manager/images/ic_chrome_close.png":["packages/window_manager/images/ic_chrome_close.png"],"packages/window_manager/images/ic_chrome_maximize.png":["packages/window_manager/images/ic_chrome_maximize.png"],"packages/window_manager/images/ic_chrome_minimize.png":["packages/window_manager/images/ic_chrome_minimize.png"],"packages/window_manager/images/ic_chrome_unmaximize.png":["packages/window_manager/images/ic_chrome_unmaximize.png"]}